location_id,junction_id,simulation_time,vehicle_count,traffic_flow,arrival_rate,departure_rate,traffic_event_type,remaining_green_time,current_signal_phase,downstream_occupancy,downstream_queue_length,average_speed,waiting_time,travel_time,queue_length
location_1,K1,0,32,2.6917006957475786,1.0398281404548537,0.47317375603935896,2,20.00367011560471,3,0.1251893260259226,3.8029690038750363,59.64372149477551,44.60931573146302,131.5028506079829,5.0
location_1,K1,1,18,6.684980495265863,2.0428116516566766,3.4468064373931995,4,28.9889127927895,0,0.6257648704634725,12.904799807791086,27.74632633225256,75.96144258836758,134.46393378435218,2.0831160985396044
location_1,K1,2,28,3.045042568562878,0.07263910407033225,3.245996628318654,1,9.271796303687568,0,0.7654908105186318,13.446788586617956,56.469529672431754,69.0350322630357,111.90986072719735,0.0
location_1,K1,3,13,23.649051756078638,1.9097318523617968,5.239063203090439,1,25.274331327069085,0,0.39172059380577806,5.528011078374899,55.421473546038555,87.42039935805236,101.10500779869443,0.0
location_1,K1,4,8,47.79490275664869,6.603438239842394,7.591104590304497,4,14.129168444445641,2,0.5368189262427812,0.4691105606471968,17.497914162203433,43.44849531865147,76.40378763094017,3.1737520180080203
location_1,K1,5,4,20.57042359196532,2.9164772374557013,5.1340450281217045,1,15.823305637199741,2,0.758063978354994,18.640120032885086,38.20172440565306,90.00455701138151,154.79054814637928,1.5372368863697008
location_1,K1,6,42,6.626915956533463,0.4150262070858157,2.3452421234614618,1,4.848123042637711,3,0.05118818011705317,4.649072068266291,44.06913063862498,7.928095548398262,41.470144421662816,0.0
location_1,K1,7,32,49.94274186187383,0.12492237924331295,2.085276820029706,4,23.679909788175145,1,0.23682702366773567,10.92897542488428,52.616603874940154,31.379771710029093,140.28455682397373,0.0
location_1,K1,8,42,47.43584997183341,3.0412765525632226,6.543001019103123,3,29.596133240085667,2,0.44152744323765525,15.97787706097063,18.170982275346034,78.5935820456824,49.731687876330575,0.0
location_1,K1,9,25,36.28520523182484,2.4034285968713243,1.0777282854360704,0,26.804302602682878,1,0.5411693917376943,7.244809969423187,36.69286529478807,78.57493974861065,164.1067809146951,1.957054188869181
location_1,K1,10,38,24.38926908799239,3.8819639322676593,6.945055891758002,3,8.787228377068327,1,0.9657423441828165,7.764099704738925,46.81827775977336,80.9989398040178,124.20634496465792,4.722856533523612
location_1,K1,11,1,24.569147300252624,3.598391593767327,8.794038936670676,2,25.293659021809113,0,0.15400389005191972,10.107315695328648,19.100485893910083,28.85230604901684,33.92651965649331,3.9032224845009758
location_1,K1,12,12,22.735242487691227,1.2619249382514608,5.320801846453614,4,10.796951453762956,2,0.17342115293331073,18.2962588191508,28.52140803400179,2.528066112043925,83.99051417079626,4.654650448902919
location_1,K1,13,44,5.600233294207923,3.3740637287993724,5.405448864929129,2,5.31505921164682,0,0.7965965522011638,13.79793883950466,2.851025112682939,3.1934435523372495,89.86261732824315,4.724574406038322
location_1,K1,14,1,31.211339894520872,7.70179776243343,9.24500794219179,1,11.913308205757373,0,0.7889400580271873,5.036357784415653,58.973671091815206,56.14678745923475,54.37188531459884,4.335549933703282
location_1,K1,15,49,35.01036319978114,0.6637331404869284,2.7207083262969434,4,2.6888983073047354,2,0.09695807609048779,2.41015007923278,24.220896375799718,0.3524075779978264,4.994065737242259,0.0
location_1,K1,16,49,38.270103138443,2.207196687774875,8.893977289762242,4,0.24369141275851658,2,0.2667297518732038,1.3714225694357562,1.1838488744600606,78.14715956653137,43.90287183265027,1.5084552372596747
location_1,K1,17,4,15.343783204579386,2.185412213906223,1.6627715989860148,2,25.18232799863917,0,0.9858715869132977,7.295515250078049,43.15235949126756,50.8857700715169,130.9628266198902,3.7412524311018354
location_1,K1,18,37,31.83473257312534,0.7825570760731648,3.789830413110945,1,19.736838971994548,1,0.5538866844552487,2.9243897566428245,7.470396757810576,0.8479091689599261,73.09861218788755,1.3395301083759104
location_1,K1,19,25,0.33386131809304276,8.469187966157506,2.756058927015536,1,17.68617328114002,0,0.9550236969286748,8.248675765933342,50.693650671766534,98.35185446874034,188.35581527366034,4.352985893654206
location_1,K1,20,2,44.29628701902927,8.428577432441616,8.852667083553886,4,5.5763485609878884,2,0.894106381641899,11.643966113685417,26.440982476736757,83.71863011165141,113.30637606975817,3.8027652727048613
location_1,K1,21,45,23.044276836919725,5.587350109539651,0.1087947120886179,4,12.652687814637124,3,0.28690942111126694,4.705152093965761,51.78067785238218,48.1463663350175,140.65150193095306,3.8707738656495176
location_1,K1,22,33,16.296563006220456,5.105466367632929,0.8768196182355836,4,22.135547749403997,0,0.898685133602342,13.72736487165244,57.5139666452672,91.04956189625175,175.7322240194504,3.0251383389723703
location_1,K1,23,46,6.483181552828254,0.0065603372800060455,1.4401456848397909,2,13.625767416446458,1,0.7017817309760439,12.93919622814989,4.140597015536538,37.955868397917925,181.6667315533692,4.225425513838206
location_1,K1,24,20,44.37309242825125,2.574888405771426,5.394171628836234,0,20.99228349385488,3,0.7731310281464184,6.480572727028047,14.329797069164512,78.37604758050784,38.59411157354123,3.7787195355505903
location_1,K1,25,8,3.1902042657939056,8.866602429729184,5.802441956438655,1,23.8448493899983,3,0.44306433261891,8.995639596559602,1.2580062226710864,31.647638672871736,93.93250194133735,5.029557694847196
location_1,K1,26,37,24.315589471535436,6.704450202377867,0.9835472382075072,4,25.185551159161374,3,0.5462632272886371,10.998390485156078,46.25689432082938,14.664138405486204,65.93139597082885,3.254215897665895
location_1,K1,27,35,8.069644794602532,3.2862557206885645,2.867196258302412,0,22.72037757794967,2,0.5472262325117234,0.050724542926605665,46.24300631720513,90.03024475226164,50.55577285706989,5.304337094727611
location_1,K1,28,3,31.90026460903354,0.8597668306396988,9.080170745405011,0,23.79146236994395,0,0.01894917372048488,18.613650729810182,53.85400539148175,96.24411575588138,15.764585960123355,0.22979930309890517
location_1,K1,29,3,28.33115615924405,9.44564050928615,0.10389553165235488,3,17.294667186764105,0,0.025458097763114584,12.668778616357361,33.61043961843406,12.775927092939298,199.65893925814171,1.8762367489664635
location_1,K1,30,15,43.04553019478698,5.367622869111612,8.375067420392998,2,10.573330334784611,3,0.14567542456781513,14.550162987912783,4.011640492200348,71.31517980840856,13.929050969393897,0.0
location_1,K1,31,36,31.176292197755913,8.044376526264665,6.121381222058736,2,7.087370554864162,3,0.5878518984565971,12.845043024999507,17.73007031780559,62.6973744352598,173.0573754640418,0.0
location_1,K1,32,46,17.74443007889503,9.476785007972707,2.8238925163972217,1,10.272738703317676,1,0.3785122022862024,17.47226014987213,37.18178651927352,67.82125115007157,91.4533336924169,3.5755822639767203
location_1,K1,33,14,28.870169622335595,5.005424108401408,8.844655734775976,0,21.492581627210495,3,0.5308626974392378,14.64916313667766,57.56078373935526,65.78224633835791,170.00965723277815,3.8743659067507776
location_1,K1,34,10,37.94176547955228,9.821143491703314,5.835545488053166,1,16.849420641176614,0,0.07872360668151168,9.51866714622047,26.183297431994102,86.23541774685988,193.75726356223288,5.268589898676725
location_1,K1,35,27,49.58952183087535,8.815846485571301,2.668071314004524,0,0.5753146675868837,2,0.3770439370208023,17.773953032779055,54.96315951193492,12.188949088717017,28.66309176753308,8.155603558998259
location_1,K1,36,32,10.08346281716468,6.713559654668493,3.3307810384881185,4,20.181444339910655,2,0.1965925901903054,5.286739853046529,34.938826610598724,59.19587529961211,146.94974996064116,6.343942651380841
location_1,K1,37,34,37.70495688389553,2.063911464793753,4.79741375610947,1,11.037423133352766,1,0.7597988896787502,13.878897424552349,47.93470226345501,93.78961643597647,177.77359155111174,7.608459564243326
location_1,K1,38,38,30.635662537064988,1.8765800492295737,6.6871869406549935,2,29.087360213848328,0,0.1430524421125804,4.497092551457602,3.556114413730318,58.89348568594649,15.226430359721244,6.278711976065834
location_1,K1,39,36,23.759673202313564,2.5063825270063997,8.31518462610435,0,4.08381909740351,1,0.739858391904799,0.18202033267322948,29.55575705249175,11.888670064723584,33.59082589055602,7.870323250418236
location_1,K1,40,27,35.4449607047841,6.7924965089953036,5.169184411399473,0,15.788933149828521,2,0.8874988942129712,8.51518784541299,26.333654552983997,67.84721861138236,177.67877250196457,4.5366551792088545
location_1,K1,41,39,27.19990515759132,1.2240401048865956,9.520984997032404,2,8.350669288807373,1,0.2667479510581836,5.531271710935648,17.983700157937033,42.38631944913303,98.27700045373291,3.591028577369796
location_1,K1,42,27,42.65349030930622,1.5966305092308175,6.951248505479409,1,0.07892001043726116,0,0.11753796251998272,9.625668787695268,48.984577560376216,71.8184370936021,41.42783000895203,2.8894867314634602
location_1,K1,43,47,3.115667290351759,0.5813060501489908,2.316765181302033,3,27.48372665068278,0,0.5803187297001576,0.35110796268677635,0.8844614010538532,65.0957010487333,155.3717456729036,5.383898673211435
location_1,K1,44,23,26.880714821603746,9.418834886956645,4.59180873077705,0,10.057092694533548,1,0.6383920278858828,18.853982132865216,47.53903884351415,46.84174818677028,181.7761195378078,5.4632999886630245
location_1,K1,45,43,38.04548641753039,7.755343600472946,3.7659474600821707,1,10.419784975464578,1,0.34169628033055754,2.083015637773875,30.48641750899595,4.031971282691127,32.159364381280106,5.698752631950672
location_1,K1,46,14,49.236393533259594,3.084589918547275,7.086459497230977,4,14.936439270118754,3,0.30566194190549223,5.973956903674635,44.83736093921521,87.97745721007132,98.54295076648071,6.4074124648726265
location_1,K1,47,46,39.8448784639684,5.857604685939362,8.712095485621896,4,14.223802600704063,0,0.5488869663286656,10.156495098986387,4.390907745053814,41.08695159744803,5.2378461754865935,7.276657345644633
location_1,K1,48,38,12.293515515592857,1.4912670739655631,7.0704971024183125,1,25.18268109578803,2,0.13921378186530908,18.23555010425403,52.54709336212594,81.57541438521558,114.2305404016238,5.029797240529336
location_1,K1,49,15,29.109031319157758,4.526569623357528,4.745578908133565,3,0.510819540489279,2,0.24025518851763927,7.322591646093917,22.931008397715637,78.67023287867517,62.40566286486469,1.9142320704090012
location_1,K1,50,31,10.268087921335095,2.6012389890260157,8.042008177055,3,29.141179787111103,1,0.1416661472026417,10.288762297245936,33.983420638056124,65.31047402573415,141.11100396333424,2.4450807377561325
location_1,K1,51,30,25.55117621190741,2.0960807562876815,1.2318281361488748,3,4.906181467075179,3,0.04413780818978985,9.242864725585097,30.82915034259313,48.92029663046038,28.39681664219771,2.6709216802552245
location_1,K1,52,37,43.86364026336535,9.102063212097553,9.676085021263027,2,29.576513993746328,1,0.9415149861917714,16.78047804874884,17.725114066708286,13.323043071569051,10.245572977781947,2.4450750495462357
location_1,K1,53,29,17.892154104089848,0.5083838533480045,7.469746228392299,1,23.050618073792545,1,0.9767348242657754,3.85973248748692,41.908845025644744,9.168253523325198,10.295939502541152,2.8811159150218053
location_1,K1,54,40,7.795989212468207,2.152580042223189,2.772498720660735,4,7.402151625203364,0,0.7520210014605904,8.11565468402193,21.724600364552153,70.88214921889838,125.12997365582189,0.7249312377048054
location_1,K1,55,24,35.14725565909257,8.621778234143488,4.716486751971126,1,1.7584123922049477,2,0.41938381517386525,9.307934649688951,11.519581054840666,83.39204285560079,109.98101467682886,3.9576111828735234
location_1,K1,56,16,47.188157744265055,9.255769602066435,0.3045725836886004,2,9.015354524475644,0,0.7195961775625388,7.036091832090681,2.2452401048302773,89.41424522623187,145.85443413066787,7.278063772627364
location_1,K1,57,6,21.077519388674066,7.494730754615375,2.4875230019221837,3,15.957241689537954,3,0.04489142321743722,9.775556541769445,11.610358190847936,6.026932943057672,157.11089551090276,7.1573592637775505
location_1,K1,58,0,24.179933374731966,6.655875380935471,8.107244487516788,4,5.186511981790252,1,0.5820286900451822,11.588512537196841,57.254337792625826,87.74815696436814,109.83029065828237,5.225325281432428
location_1,K1,59,9,10.913264625387626,5.307346280288277,7.969428169560926,0,4.497767736181576,2,0.803977396370779,4.99016336320784,11.701235512573527,11.900499813772146,87.25429119443871,3.865914677106703
location_1,K2,0,2,6.48936155010214,5.492701560723825,6.157404304327131,2,2.938853220757922,2,0.5703512941711845,17.352208991681483,57.40757237495337,67.91325590731958,3.305230046893115,5.0
location_1,K2,1,24,12.441572425525283,2.915046206677129,6.85368027887296,3,27.624418321973607,2,0.5538458407345603,18.62509259323226,55.26733139392139,0.6593067302652633,116.20620699048555,6.597373799965712
location_1,K2,2,39,21.510089761114166,3.2133263025854255,5.885813210129742,4,8.231302003949704,0,0.2819682204762064,0.6190374327877257,52.45604295522399,86.35499069426699,31.52041954575855,4.635586183389179
location_1,K2,3,15,20.110119422052097,1.2877523081385378,5.26047013790305,1,13.235128926685473,0,0.8663563994746342,4.300127097947102,8.614605854562269,93.3162251530168,178.22246809689904,3.0441595396004875
location_1,K2,4,9,41.11682654927857,9.730195619078692,2.78246713854448,4,4.901231110611665,2,0.14703006339803593,12.808268468538618,38.87824937812588,24.57072281516637,87.40343634467649,3.6352074375372547
location_1,K2,5,48,8.581620235718429,6.909666788471545,5.135113983499342,3,5.836330649243775,3,0.2551218314088258,13.68211413584932,46.28435964506616,1.3063353996892513,116.72017157027787,1.8992715291347466
location_1,K2,6,14,19.450364954157312,0.8117669484057488,7.853177301712342,0,19.21124373615416,3,0.42785822469995227,8.96103399986222,29.13705311443017,15.61810423172998,160.69177685418683,3.092290830544788
location_1,K2,7,19,9.225428669264835,6.8280818800791785,1.343689655741176,1,25.608885202695383,2,0.3642641142413672,17.739072757151703,51.53144683174852,57.380430841678546,29.51488914226148,3.422047990922021
location_1,K2,8,30,44.67282106905723,6.458665074563388,8.814114393242082,2,2.373180319932877,3,0.46063591285436134,18.26017452786724,43.3417676647095,99.93855831056796,125.45972005373014,3.162817264113127
location_1,K2,9,18,40.6012519525319,8.63223648958857,5.386089104082208,1,3.9249912480339058,3,0.6478801099164329,7.198581189310693,25.833971183767147,88.29317233825418,66.4203001797145,4.215284226548869
location_1,K2,10,5,46.43183774923131,7.064941216985577,5.640170241499563,4,13.712274349238205,3,0.3726345905112085,12.616739673324844,26.383096921763528,34.4721768911652,185.88845197305704,4.875766457390521
location_1,K2,11,35,23.25530564498956,0.23906624221379125,0.5412884710175236,2,11.664541559087512,0,0.9946183206154915,9.188729175093284,37.51149618509298,85.16924288024934,183.6794213531728,3.395292151904689
location_1,K2,12,30,19.27382132544882,5.973496587982849,6.848248986251874,0,11.274629805783762,3,0.2985061790203092,1.7732681338972855,52.70412909585659,41.65633820261957,88.11551393173707,3.4560645923136972
location_1,K2,13,1,31.08400605948369,0.0341274734234176,3.7689747343718705,2,27.54303244319523,1,0.26969792082683575,14.776507738448876,48.4286871067586,20.059645931716886,61.74782266579941,5.565357185937119
location_1,K2,14,23,36.18965275020626,3.1958084491414884,3.2542376146551155,4,15.167037641781922,1,0.0573870488084387,11.757894949294487,57.24263483955795,98.43840381689827,115.68077646171669,4.424050518678389
location_1,K2,15,29,20.743795052131876,2.930353046138132,9.5716300409075,3,0.740435482162829,1,0.29260370671375335,12.723422958939192,23.085391463209945,33.064826986846306,130.21868153639878,2.557566338967687
location_1,K2,16,22,22.156111971728066,0.9018839036047177,5.5915756001608505,0,17.904507037857755,3,0.8531584821014436,18.932586391444627,54.89531931721333,19.645164355294643,173.59996999365848,1.3792149815728612
location_1,K2,17,17,3.4982390749497325,0.45229207013320116,7.130672375345548,4,12.150598950529448,2,0.7397754265308866,16.915501623553148,19.368802246906704,83.8803858881463,11.426029711087327,1.4369782265250863
location_1,K2,18,30,16.078545283365898,1.7980260592978237,7.91543472921491,1,5.758433770399182,3,0.23057749745537126,6.897543638586079,15.642533833232616,82.81890860079822,73.79192361553247,4.469424556723013
location_1,K2,19,29,47.4600129757539,8.289185307226912,4.375488013490863,1,27.594202672462647,2,0.30372953997427066,12.621956925707092,51.98343465458323,38.57702698315278,112.77431077218216,3.844478948528044
location_1,K2,20,17,36.94091047738581,2.4849847982045503,6.871976810868561,4,15.879725811881784,1,0.10859034043628535,17.192349090386678,12.022243240592957,43.96053311616619,181.2088996825292,3.3374283059822925
location_1,K2,21,26,1.9061124638399374,1.9970434381716373,4.885061669686367,2,14.558544792670725,1,0.5969652125310883,1.318489073906437,25.183850659807916,66.02003727372156,197.60688865393163,4.620985036417832
location_1,K2,22,23,15.287981176597349,9.598255254392498,4.369522970084909,1,13.91262154573963,1,0.6644371344099899,2.716368947705108,41.65780993557375,91.41343830389455,44.57661732212949,2.710818086266028
location_1,K2,23,24,3.08755942878558,1.1516743810797025,2.772283773747687,3,26.439209787863593,2,0.826844564713406,0.05433204725592722,35.65307001856565,20.608358778815894,121.62241125776345,0.00810524868553314
location_1,K2,24,17,10.58142535219938,2.9660489541985124,2.649539520947074,2,22.41118946418886,2,0.6080681628095044,6.192939011271417,47.59137004076538,40.92841761509421,169.29855072912417,0.6264612268860333
location_1,K2,25,5,6.557063790013112,8.137233840894499,7.388445758818079,0,7.4415363209265095,0,0.261712602005053,11.789091671314324,55.17697776787089,22.35055154567236,90.79378599879347,2.60397471567896
location_1,K2,26,16,17.95130333113759,6.332751622614841,9.624386914937656,1,13.460066107442254,2,0.6770796969492482,5.414180345377524,21.34358324885071,69.13698879819589,51.314606595474245,1.8753894512546554
location_1,K2,27,19,8.409759829349994,0.6963587746876276,4.027704139654057,3,4.184044733239688,3,0.04190279572762923,10.031793990393258,5.733203392494495,27.79557714057237,114.2414070093166,0.0
location_1,K2,28,35,19.65923137919321,9.31004267813498,1.2615388580056153,1,1.8215359443576928,1,0.7408183637218844,3.3313160512887574,15.817778554745743,19.230422411680635,166.49371124768058,0.0
location_1,K2,29,14,1.666293349283271,2.7812467723333443,6.575292275108037,1,8.355318363687635,3,0.46988932066925504,19.30629311672621,8.16377657261807,54.01818429810572,86.91287837877411,0.0
location_1,K2,30,0,22.774921390012775,3.8992119964129235,2.2113880177724985,1,22.6304519865154,2,0.7089002745751649,17.425071629655648,24.558994999724906,81.62211022858263,2.3098481278409633,5.126383207471542
location_1,K2,31,14,2.74108146352835,5.7583402554449306,2.715561750063963,3,2.8088574208489545,2,0.697708580437942,16.968407841306718,28.69899444753678,84.63600388835599,109.66386757403663,6.9665989545887355
location_1,K2,32,14,36.14124652173786,5.800097479151473,2.258190168859653,4,28.66447896959127,2,0.4987745249681377,2.3591266559128754,0.13502360656111767,37.87158444121993,192.62940155571215,6.356328704132481
location_1,K2,33,28,13.105788212063024,2.641349123137985,7.355022334615974,2,16.77706637914881,0,0.758429520713077,0.47574854940773514,48.81450479707374,74.82679812896987,36.040541463258016,4.438625892065854
location_1,K2,34,1,29.928272976577347,7.7153166099464,9.420166389032284,0,29.888036149045334,1,0.2613936392368731,11.600947111274614,49.762699666854246,19.500384260529813,109.03153717749743,2.774705972101177
location_1,K2,35,5,38.56133365201181,3.376156555163823,1.1148274515070988,4,1.2255465237951446,3,0.4511027753265111,0.09961811347506844,49.4635613066683,30.81682542302372,111.2893752338894,5.721318240876666
location_1,K2,36,46,37.216929031991356,7.484992839015509,3.379382853756071,4,22.64510503212873,0,0.8223550501864259,8.859600613181778,5.322706242884641,3.019745488202563,174.84616196681515,4.811293202514981
location_1,K2,37,31,2.2964897244032114,1.48610267059339,6.27232014251116,4,26.872890551740426,2,0.4662819600099748,12.171063991154192,13.021311098286649,60.883662808563855,19.775398527102574,3.2436570625035657
location_1,K2,38,38,30.307366320911903,4.187847507706831,0.054790342376083156,0,7.577888689140645,0,0.4502291437957664,3.101684173769561,2.5570555270951667,50.15620239770254,119.23052432663839,4.469609350365257
location_1,K2,39,19,45.29994974662815,0.25262876631188647,4.259477612218619,2,24.162025791021406,3,0.5346641862250046,8.776370789087446,32.39550304665291,2.883074189769108,116.1335587087718,3.2150600717216977
location_1,K2,40,0,49.90396708692302,3.70100297216567,2.772063094842342,2,16.35922861178103,1,0.428649273103317,15.804150408532674,32.29356139708856,10.914045614718171,13.660248030245192,3.1358330227026276
location_1,K2,41,39,3.6062014468998758,0.17596416126326786,5.476111060042706,0,12.969872960887814,1,0.7891675208579388,18.080402311386376,9.941818986951853,27.8976940059957,94.54572403931695,3.717160260793683
location_1,K2,42,36,14.965155119649348,7.935581616421194,1.5844369904762534,2,27.659290111002978,2,0.5753308886379852,5.14225471256572,58.17111058190095,10.160699175291299,49.616197435147,3.676917334366923
location_1,K2,43,20,4.273390480398081,2.690052101891042,8.159750512039677,0,5.4978536786470205,0,0.8661372534417047,5.986467320294091,1.1321017972795544,7.614441646396242,125.88327017252037,4.94377879212181
location_1,K2,44,44,27.266736863233827,7.812078339266902,1.8446810682017512,0,16.51272634224348,3,0.6826418704197971,1.0291433611905099,11.349067018301364,29.421779709416484,55.78624353197581,4.862711044681635
location_1,K2,45,23,6.392698469665136,7.965718467424314,7.489822214391671,3,20.288536582011023,2,0.3941919004624236,3.9362846747207114,14.101341569249863,18.39756554953268,59.747079442904095,6.326072585760159
location_1,K2,46,44,39.59952209381414,0.815435726145024,1.7252070346015436,1,17.705198834112217,2,0.9057984098984114,8.694134670488454,52.02592095383729,69.80902525277357,54.61851522258865,6.86686448064183
location_1,K2,47,17,40.38561399043112,5.175761921526812,2.455059727184039,1,17.52645871320897,0,0.8777694586274829,7.625760554259806,32.46970773477239,84.59606423014996,143.28008550891397,6.008876096051404
location_1,K2,48,34,48.87887175576815,1.1371603557147947,0.18092130205049184,4,1.633833472468409,1,0.8502942860334282,17.676095573159245,51.90057936529647,80.85701261501099,44.049510626368345,7.338296141488388
location_1,K2,49,48,42.101783766120406,9.77629627828528,9.150979639464028,2,22.6570487568895,2,0.2523659018024208,8.323597754806297,48.14657625416662,56.148168083700135,115.46718937189135,7.047501870603978
location_1,K2,50,8,26.57413075777709,7.360936569363078,4.447644835338994,0,25.451963593208934,3,0.16794023736286134,3.3784429679803663,24.92691365704881,60.62172562914766,60.56050500681898,5.463621019761661
location_1,K2,51,45,10.643788049652153,1.205222954671119,4.4830036186002955,2,13.976018574765043,3,0.7658494613454221,14.199129531741159,12.768905818432895,8.552944213892077,155.78092499846576,5.91067343597284
location_1,K2,52,3,31.503024953097924,5.089958926113358,0.2639314439950968,1,25.626662003727322,2,0.5966702023597915,17.417839589737206,41.90450563571661,62.4343754739019,86.35822505746864,5.336413784954061
location_1,K2,53,10,22.150529686471636,9.914522611736583,5.097041605042399,3,15.896508882888076,3,0.8348713135859513,13.958342317622234,34.04777677704523,78.01118491754842,16.282951641868838,4.899504911950542
location_1,K2,54,31,30.34080947676607,8.146149551648318,3.717488184535388,1,23.1277133673519,2,0.34252097078708454,4.913684568664262,36.51306733592493,72.01634855615035,58.484962114341975,3.073525308049812
location_1,K2,55,26,26.243780846550923,7.289439274710006,4.604836899183974,2,22.309839375215617,3,0.2090837257731697,16.15594271924858,27.908897205032666,69.39310451666807,7.7018132307015374,3.003248909169788
location_1,K2,56,6,23.54702082689774,8.77087399729621,2.292614425692263,4,6.630023471228044,3,0.13462690752126572,4.314481199827513,3.6415615765626574,70.88811297512585,105.88214275423104,2.034774444710803
location_1,K2,57,20,23.623541755383897,9.606298635340396,6.972107511858841,1,25.322320940096905,0,0.9015789618731846,1.45071354166048,41.91891885076652,49.04911366961332,171.03122611897956,1.7091483161814234
location_1,K2,58,30,20.104435567561787,6.457353468833574,5.55341295906239,4,24.383154495389043,2,0.9939813231625526,2.658300740994335,5.329205849567544,42.63184380032398,150.1912444534524,0.4318626261730044
location_1,K2,59,26,49.341076859220955,4.966329799422463,2.336883983719228,4,23.79485973310051,0,0.3053041580772051,18.519813871084548,45.447698310898986,75.95858854853438,184.7536417455869,0.1625594065732643
location_1,K3,0,17,16.750775208839602,6.155642908723209,4.3322994586122885,1,12.053416427325411,2,0.09000893055754677,3.8896320005296703,41.30911114210938,13.873803613112623,139.53914608004615,5.0
location_1,K3,1,21,29.142563404559652,0.728399203343576,5.478350581469256,0,20.30194598861411,1,0.43660170969292633,18.263661528593996,37.71312957241702,24.88132209829289,10.7187214265007,4.2534181248384195
location_1,K3,2,47,32.98332683218771,1.8620622274753695,3.3080234925059093,1,20.308344001556332,0,0.4229389412275808,18.836979406935022,41.2601157689574,81.94054977033032,125.50494285887612,3.330788312146338
location_1,K3,3,26,48.54274773132035,2.7369736816601575,4.897138782957685,0,27.248739130365315,2,0.10196113461016121,3.6265398417031114,20.538247012324298,46.068285553306886,177.87740749284896,5.391956799072001
location_1,K3,4,3,17.98278042771298,1.8174248232321322,6.398677258562225,0,20.08859815866447,2,0.09013361191801061,1.8716698193266978,28.860356349307242,51.09073302418178,167.82504040390836,3.9736143533301838
location_1,K3,5,0,28.745282292113316,0.46822510057945466,0.731114280170565,0,2.0933528018879,3,0.5826390739708502,19.533259186771815,17.272849371926537,64.99134334785113,186.95097911908135,6.241700894596707
location_1,K3,6,25,47.24650179355612,3.648678296342446,7.96908340209562,1,9.940040548746362,0,0.4212207122908943,5.863835127073909,31.16811369783058,40.49414972664972,83.79142779865785,6.926614558142311
location_1,K3,7,43,8.422836546175688,1.9250184968762085,1.1849051639673536,1,21.071236653610065,1,0.3919146822192434,15.274772164988908,39.25441920022861,42.09615093650169,9.786788120947087,6.9865215118338355
location_1,K3,8,25,1.664894830161956,3.8757569616951737,6.08530237914932,1,12.281646241476864,2,0.9095928515548622,5.057447936538548,4.595028239039594,16.653850638578515,97.88878737083057,7.558039706887495
location_1,K3,9,29,11.758104846794692,3.670957817870437,4.856770294521065,4,29.32117518321546,0,0.6428433195191666,13.392423207906443,14.798910499614287,6.905137803144179,187.3381482358742,7.210562551275096
location_1,K3,10,13,49.63586355296087,2.890753477382483,8.599452631081675,1,12.826487310107114,1,0.8998673858758532,18.46790189526455,52.512359533438385,18.621990008841927,158.69300926333554,4.67774037975266
location_1,K3,11,11,22.292291300940153,6.950799206879472,7.137802435227386,0,11.363997358762969,1,0.597518993024338,0.7404274794412324,1.8873467701843727,81.21306038898034,58.21127347574788,6.311454773841346
location_1,K3,12,49,39.71406620126371,4.23562808725169,0.4509541813245155,4,4.621003135899244,0,0.3839814891538432,18.50503790344423,13.575798907270515,42.22407479193786,128.33755915433932,5.728161822520006
location_1,K3,13,46,2.2851474676638617,5.569038057732499,9.295721701926476,2,27.55223023537522,2,0.19672807738492393,12.734812324538565,11.761178895609856,32.67496242132524,169.26564339145892,6.839204693838272
location_1,K3,14,44,40.9634891008426,4.8536736072703865,7.348339668594188,2,13.1840118302915,1,0.1057277674239967,12.815426449746624,53.42505352732853,12.22583847211931,0.6680896116987967,6.37012091633536
location_1,K3,15,42,1.4504674847509669,0.28381194134299736,3.9198981463884905,4,12.945041135044598,2,0.36888481784970983,3.0161369562093054,7.707767841005301,99.07055664705825,173.87687990618403,6.338809540355192
location_1,K3,16,45,46.64797319950662,3.5387419951402954,1.128396090835161,2,15.515699660074823,0,0.0580891728546612,13.779105767889702,20.88894862027042,3.654038234703594,195.41462130619735,5.779558376427635
location_1,K3,17,6,35.72848288086408,8.354688213379362,2.472768252033428,4,10.708758670344087,3,0.12835243530339036,0.8209816096382427,6.8681272753842215,29.829743633086782,45.579239245032795,3.7288162919503733
location_1,K3,18,11,44.70630553476674,8.847912232843797,6.264365575214247,0,5.618150693091013,3,0.478008465737493,17.1446706053679,57.94421901358124,90.35776625528614,127.08656159444634,3.4873593291210256
location_1,K3,19,37,31.045339819286855,0.29520954306419767,3.0710468908301767,1,8.025541950979862,2,0.48632776237352215,10.653688181957017,44.07648774662081,87.21624810994369,114.79975769625807,4.775422301510847
location_1,K3,20,8,42.578784920853465,8.746375154785273,7.724318485656612,0,14.852316801685369,2,0.9673738960177289,16.58461850294762,52.334373853626616,26.275669954158932,145.09568183326985,5.82048986910231
location_1,K3,21,32,19.118361483537647,0.9619168841493864,2.2724224703499827,0,20.553422949046173,2,0.5564183090725402,10.153694247031432,58.3580159742598,52.58475364384489,5.691357231204219,6.509708526844266
location_1,K3,22,32,15.308120676348235,6.171435761285701,3.5155843381263487,0,28.50008341113598,2,0.23862890742910692,1.564806244430701,48.11757104446489,71.57668549290202,133.4136869807565,8.027589467514105
location_1,K3,23,33,36.74951642809676,9.877003988214168,3.0325157772172116,3,16.333800338952575,1,0.1564051322047375,16.86896450441261,51.6377417217157,56.634842886572635,43.760996979489676,8.348110826860298
location_1,K3,24,3,2.189742488891472,9.842723783626035,9.1094824901969,2,13.254961482358523,0,0.5812476162278453,0.8190891146968227,9.304543224958977,90.98014907817439,166.27425384752542,7.561241051711014
location_1,K3,25,32,41.14088725225142,7.246351044233615,9.36699107864331,3,28.75679303252108,0,0.05428652624087216,13.754853938502992,9.393531092036387,16.783148472418763,46.078584366597156,7.24655994605432
location_1,K3,26,36,3.195981760917821,6.626611752168855,2.4162615543169697,4,15.333478300994857,1,0.9505810561928765,14.93835327851113,40.87032215448915,14.252465633833145,178.66782007506725,10.755456130494466
location_1,K3,27,9,7.365075956491657,2.1830036406632014,0.26486855812011045,2,8.087802720689115,0,0.25501521175978314,5.7916519140565,36.143395340317284,71.54349824883792,195.9816128268616,11.581148098532491
location_1,K3,28,1,30.552825168855733,7.080297051266142,0.6724785197819694,3,20.560806802054714,3,0.33182994707074787,7.358754445197356,3.2464104125574744,73.28873367893468,75.79722029431177,11.684113640236221
location_1,K3,29,40,20.032419457476003,7.924506591209503,5.871874146001769,0,2.893172470971689,2,0.24783113616457697,13.92423014326999,28.93307624150153,50.11566166338836,52.13143537326268,12.360331901899794
location_1,K3,30,27,14.134102933823728,4.883088703821129,1.4751381329854552,3,27.203542067791897,2,0.4195658040628518,7.746823738122231,3.8498451970636327,59.859021817664214,24.860664529038566,9.984376225686763
location_1,K3,31,25,39.52967535672309,8.047030817434806,2.8783855660346136,2,24.90041516182517,0,0.6740464157089965,17.974176151910807,41.62031974041964,18.716717677783855,9.781880184805946,8.936467027555512
location_1,K3,32,48,39.68987525231301,8.449430329080835,4.089133583478487,2,5.508538647972555,3,0.26916423128329536,17.409214778826104,17.632652160005357,5.125256353600727,94.0685251688551,8.770419229279682
location_1,K3,33,36,33.24126506818598,4.328868003411699,3.852222062053267,0,29.610438881805113,1,0.1313033298964441,5.277451709890382,14.200039794863446,34.77698772243626,7.86203856028993,8.585953964241614
location_1,K3,34,42,17.765725681167744,9.628980755711465,7.214717304609022,1,6.977435583375336,0,0.7186860712302575,4.692391336226787,25.186704076926645,16.183959150582094,114.38065907858234,7.3169797647163195
location_1,K3,35,44,47.3999866948554,6.771512130958066,8.31646595930298,0,27.123601173624238,2,0.374577296000298,9.216590747985208,8.490230964105365,27.098446255382946,37.02026127581368,7.365989385982197
location_1,K3,36,17,37.888225425024764,4.418414867310698,4.616658101479318,3,12.912285409082122,3,0.3130562083046353,5.316943785462902,54.31769524822077,36.63750913862863,164.10832134209736,6.838203347460693
location_1,K3,37,43,24.414463333940283,3.04176889714734,2.716390141047752,0,9.87786842518896,1,0.29264526451191597,8.503260769226312,36.65468768413991,84.2562922040296,55.73092889264335,3.8638731740131074
location_1,K3,38,11,8.84658606524576,2.1061464543986395,0.29459826609830264,1,19.67557360696202,1,0.8203054206076642,15.961392347542061,19.740708638539427,1.4750071098551865,85.90360963469917,6.578499131687036
location_1,K3,39,48,37.89478829508812,5.453730466146805,6.122211714159478,2,20.163795094704934,2,0.8867639584457269,8.052966665216372,13.405547933941735,93.0746136712548,21.849962475559103,5.244958874254605
location_1,K3,40,9,1.6506738458892667,6.286168574354269,7.884910597940069,4,9.42338689047001,0,0.8287647342053079,18.60585658622479,34.66501415938934,39.09057997515165,127.04070216483608,1.6018717608454518
location_1,K3,41,6,42.15656701367925,3.7584708501708954,7.035378091267209,0,20.196223555534452,0,0.7504297132612253,3.219545741271046,36.02758884565879,51.764293131685925,68.09570403272203,3.530831358063818
location_1,K3,42,44,4.217742545247116,7.387602582515051,9.236034636949604,2,6.277033815682639,3,0.4119528085783156,7.685308977549172,8.923698904057524,88.22068368463555,74.62723578292632,5.026596173199799
location_1,K3,43,24,5.2934017225141625,7.050222139166936,7.211829774945829,2,1.25306902636786,1,0.9520169181507987,17.92343735313263,5.912220169352079,52.747702555443134,22.37948745959091,5.036680997238736
location_1,K3,44,35,15.433220722711921,4.459600413485607,7.541478947377915,2,15.190480690119148,2,0.7974334994302718,17.090916476653803,14.084271214203989,26.67429337214945,2.901984109722755,4.414499627530603
location_1,K3,45,21,48.02488417728146,6.2575038271881045,7.0768151300511475,0,10.842810064340178,3,0.22305683305739166,2.4672777745254537,30.66949999477331,99.08174778378677,167.51088086628965,4.288161859790968
location_1,K3,46,25,25.71966883522261,4.456316694410426,0.41309013108140613,0,16.499157335273402,1,0.027651711180327387,18.4859222097043,26.39260601300225,67.45716112869341,108.00946553331036,6.867040214634362
location_1,K3,47,16,45.11212071865023,0.7768921583005639,9.583546342027603,2,3.5075736860543283,1,0.7971678751089255,12.69038950575011,40.20851570695102,48.961892936908,25.659681705726435,5.607278062617635
location_1,K3,48,38,10.592348422409659,7.516382354994898,7.825099947796737,0,17.047716014654927,3,0.8443939039846972,8.253291251998704,58.94441511879634,19.884891411175275,175.8980291690975,3.6065909597193935
location_1,K3,49,49,42.095796225709734,8.726112999113848,4.390440294133684,3,8.998752543203688,2,0.17928352179784057,9.76406516041193,14.579522107070243,3.887371238887327,143.65865493914924,3.6433752711965335
location_1,K3,50,28,30.01580095749422,2.6339681225022806,7.178155254421645,3,6.040694913929364,0,0.9622235482895821,2.363088008835057,10.936161077822115,71.02047827640192,112.15764626782676,4.273836908492846
location_1,K3,51,7,32.14537058478408,6.753827375860924,7.3389302629202655,1,13.243361283087157,1,0.1181025303931661,18.74871632494182,20.588684815771767,3.539649546840773,81.4058847844808,4.769698867290632
location_1,K3,52,31,41.456937880619584,1.7664540405339335,0.34432299050248916,3,19.004118908666396,3,0.6340543087162467,19.860512399257424,3.434325507558369,16.174224961619288,63.93595128899301,5.573615028049262
location_1,K3,53,39,15.334488272468077,1.4951817246225763,9.538564580726227,4,12.562091609172407,1,0.4385831793939978,3.4643665867897733,49.878020553366376,87.61436367008531,53.43242466572615,2.998056777161258
location_1,K3,54,10,13.232150244295454,2.3847537681827067,6.701622107681499,4,7.849400393390978,3,0.7088725556480252,15.000507424530301,27.348512124223795,53.99561246937981,40.076608867530595,2.485097720921331
location_1,K3,55,24,1.025622533488535,6.021271039623085,1.2155265842127538,3,29.775416338363716,1,0.9786864884017111,11.766182817030373,5.309876951188082,45.79966556571515,156.61409389238202,1.7424819207919562
location_1,K3,56,34,20.855868717968594,3.383677271420548,8.054898207453974,1,9.535040502030725,1,0.13672323372324868,0.0019870446297476363,3.499327697426342,78.42554329245903,146.9408253110395,0.03765605346161649
location_1,K3,57,25,1.1079170571882957,1.5980492884590325,7.924791113935736,1,13.362896607860018,0,0.46740613963225774,8.59506226632211,27.14302730254911,22.779127608785487,43.65769840507711,0.14185855696730104
location_1,K3,58,28,3.394290680841383,1.3001028367388057,6.521412728412356,4,27.703362954606025,1,0.2288154328433777,14.019261844940745,59.447439836394814,28.79379356475743,23.046330582175223,2.545382146344099
location_1,K3,59,6,39.90353223692487,8.656146030710083,3.829843929296306,4,11.721882953216152,2,0.09725414013360134,11.579122440389693,14.548898898627856,94.40089254270403,134.04526617626644,3.848037775889696
