Remove-Item -Recurse -Force proposed_model\scripts\trainersimulation_time,location_id,junction_id,queue_length,downstream_queue_length
0,location_1,K1,5.0,3.802969003875036
1,location_1,K1,2.0831160985396044,12.904799807791086
2,location_1,K1,0.0,13.446788586617956
3,location_1,K1,0.0,5.528011078374899
4,location_1,K1,3.1737520180080203,0.4691105606471968
5,location_1,K1,1.5372368863697008,18.640120032885086
6,location_1,K1,0.0,4.649072068266291
7,location_1,K1,0.0,10.92897542488428
8,location_1,K1,0.0,15.97787706097063
9,location_1,K1,1.957054188869181,7.244809969423187
10,location_1,K1,4.722856533523612,7.764099704738925
11,location_1,K1,3.903222484500976,10.107315695328648
12,location_1,K1,4.654650448902919,18.2962588191508
13,location_1,K1,4.724574406038322,13.79793883950466
14,location_1,K1,4.335549933703282,5.036357784415653
15,location_1,K1,0.0,2.41015007923278
16,location_1,K1,1.508455237259675,1.3714225694357562
17,location_1,K1,3.7412524311018354,7.295515250078049
18,location_1,K1,1.3395301083759104,2.9243897566428245
19,location_1,K1,4.352985893654206,8.248675765933342
20,location_1,K1,3.802765272704861,11.643966113685416
21,location_1,K1,3.8707738656495176,4.705152093965761
22,location_1,K1,3.0251383389723703,13.72736487165244
23,location_1,K1,4.225425513838206,12.93919622814989
24,location_1,K1,3.7787195355505903,6.480572727028047
25,location_1,K1,5.029557694847196,8.995639596559602
26,location_1,K1,3.254215897665895,10.998390485156078
27,location_1,K1,5.304337094727611,0.0507245429266056
28,location_1,K1,0.2297993030989051,18.613650729810185
29,location_1,K1,1.8762367489664635,12.66877861635736
30,location_1,K1,0.0,14.550162987912785
31,location_1,K1,0.0,12.845043024999509
32,location_1,K1,3.5755822639767203,17.47226014987213
33,location_1,K1,3.8743659067507776,14.64916313667766
34,location_1,K1,5.268589898676725,9.51866714622047
35,location_1,K1,8.155603558998259,17.773953032779055
36,location_1,K1,6.343942651380841,5.286739853046529
37,location_1,K1,7.608459564243326,13.878897424552347
38,location_1,K1,6.278711976065834,4.497092551457602
39,location_1,K1,7.870323250418236,0.1820203326732294
40,location_1,K1,4.536655179208855,8.51518784541299
41,location_1,K1,3.591028577369796,5.531271710935648
42,location_1,K1,2.88948673146346,9.625668787695268
43,location_1,K1,5.383898673211435,0.3511079626867763
44,location_1,K1,5.4632999886630245,18.853982132865216
45,location_1,K1,5.698752631950672,2.083015637773875
46,location_1,K1,6.4074124648726265,5.973956903674635
47,location_1,K1,7.276657345644633,10.156495098986388
48,location_1,K1,5.029797240529336,18.23555010425403
49,location_1,K1,1.9142320704090008,7.322591646093917
50,location_1,K1,2.4450807377561325,10.288762297245936
51,location_1,K1,2.6709216802552245,9.242864725585097
52,location_1,K1,2.445075049546236,16.78047804874884
53,location_1,K1,2.8811159150218053,3.85973248748692
54,location_1,K1,0.7249312377048054,8.11565468402193
55,location_1,K1,3.957611182873523,9.307934649688953
56,location_1,K1,7.278063772627364,7.036091832090681
57,location_1,K1,7.157359263777551,9.775556541769443
58,location_1,K1,5.225325281432428,11.58851253719684
59,location_1,K1,3.865914677106703,4.99016336320784
0,location_1,K2,5.0,17.352208991681483
1,location_1,K2,6.597373799965712,18.62509259323226
2,location_1,K2,4.635586183389179,0.6190374327877257
3,location_1,K2,3.0441595396004875,4.300127097947102
4,location_1,K2,3.635207437537255,12.808268468538618
5,location_1,K2,1.8992715291347464,13.68211413584932
6,location_1,K2,3.092290830544788,8.96103399986222
7,location_1,K2,3.422047990922021,17.739072757151703
8,location_1,K2,3.162817264113127,18.26017452786724
9,location_1,K2,4.215284226548869,7.198581189310693
10,location_1,K2,4.875766457390521,12.616739673324844
11,location_1,K2,3.395292151904689,9.188729175093284
12,location_1,K2,3.456064592313697,1.7732681338972855
13,location_1,K2,5.565357185937119,14.776507738448876
14,location_1,K2,4.424050518678389,11.757894949294489
15,location_1,K2,2.557566338967687,12.723422958939192
16,location_1,K2,1.3792149815728612,18.932586391444627
17,location_1,K2,1.4369782265250863,16.915501623553148
18,location_1,K2,4.469424556723013,6.897543638586079
19,location_1,K2,3.844478948528044,12.621956925707092
20,location_1,K2,3.3374283059822925,17.192349090386678
21,location_1,K2,4.620985036417832,1.318489073906437
22,location_1,K2,2.710818086266028,2.716368947705108
23,location_1,K2,0.0081052486855331,0.0543320472559272
24,location_1,K2,0.6264612268860333,6.192939011271417
25,location_1,K2,2.60397471567896,11.789091671314324
26,location_1,K2,1.8753894512546556,5.414180345377524
27,location_1,K2,0.0,10.031793990393258
28,location_1,K2,0.0,3.3313160512887574
29,location_1,K2,0.0,19.30629311672621
30,location_1,K2,5.126383207471542,17.425071629655648
31,location_1,K2,6.966598954588736,16.968407841306718
32,location_1,K2,6.356328704132481,2.3591266559128754
33,location_1,K2,4.438625892065854,0.4757485494077351
34,location_1,K2,2.774705972101177,11.600947111274614
35,location_1,K2,5.721318240876666,0.0996181134750684
36,location_1,K2,4.811293202514981,8.859600613181778
37,location_1,K2,3.2436570625035657,12.171063991154192
38,location_1,K2,4.469609350365257,3.101684173769561
39,location_1,K2,3.2150600717216977,8.776370789087446
40,location_1,K2,3.135833022702628,15.804150408532674
41,location_1,K2,3.717160260793683,18.080402311386376
42,location_1,K2,3.676917334366923,5.14225471256572
43,location_1,K2,4.94377879212181,5.986467320294091
44,location_1,K2,4.862711044681635,1.02914336119051
45,location_1,K2,6.326072585760159,3.936284674720712
46,location_1,K2,6.86686448064183,8.694134670488454
47,location_1,K2,6.008876096051404,7.625760554259806
48,location_1,K2,7.338296141488388,17.676095573159245
49,location_1,K2,7.047501870603978,8.323597754806297
50,location_1,K2,5.463621019761661,3.3784429679803663
51,location_1,K2,5.91067343597284,14.19912953174116
52,location_1,K2,5.336413784954061,17.417839589737206
53,location_1,K2,4.899504911950542,13.958342317622234
54,location_1,K2,3.073525308049812,4.913684568664262
55,location_1,K2,3.003248909169788,16.15594271924858
56,location_1,K2,2.034774444710803,4.314481199827513
57,location_1,K2,1.7091483161814234,1.45071354166048
58,location_1,K2,0.4318626261730044,2.658300740994335
59,location_1,K2,0.1625594065732643,18.519813871084548
0,location_1,K3,5.0,3.8896320005296703
1,location_1,K3,4.25341812483842,18.263661528594
2,location_1,K3,3.330788312146338,18.836979406935026
3,location_1,K3,5.391956799072001,3.626539841703112
4,location_1,K3,3.973614353330184,1.8716698193266976
5,location_1,K3,6.241700894596707,19.53325918677181
6,location_1,K3,6.926614558142311,5.863835127073909
7,location_1,K3,6.986521511833836,15.274772164988908
8,location_1,K3,7.558039706887495,5.057447936538548
9,location_1,K3,7.210562551275096,13.392423207906443
10,location_1,K3,4.67774037975266,18.46790189526455
11,location_1,K3,6.311454773841346,0.7404274794412324
12,location_1,K3,5.728161822520006,18.50503790344423
13,location_1,K3,6.839204693838272,12.734812324538565
14,location_1,K3,6.37012091633536,12.815426449746624
15,location_1,K3,6.338809540355192,3.016136956209305
16,location_1,K3,5.779558376427635,13.779105767889702
17,location_1,K3,3.728816291950373,0.8209816096382427
18,location_1,K3,3.4873593291210256,17.1446706053679
19,location_1,K3,4.775422301510847,10.653688181957016
20,location_1,K3,5.82048986910231,16.58461850294762
21,location_1,K3,6.509708526844266,10.153694247031432
22,location_1,K3,8.027589467514105,1.564806244430701
23,location_1,K3,8.348110826860298,16.86896450441261
24,location_1,K3,7.561241051711014,0.8190891146968227
25,location_1,K3,7.24655994605432,13.754853938502992
26,location_1,K3,10.755456130494466,14.93835327851113
27,location_1,K3,11.581148098532491,5.7916519140565
28,location_1,K3,11.68411364023622,7.358754445197356
29,location_1,K3,12.360331901899794,13.92423014326999
30,location_1,K3,9.984376225686765,7.746823738122231
31,location_1,K3,8.936467027555512,17.974176151910807
32,location_1,K3,8.770419229279682,17.409214778826104
33,location_1,K3,8.585953964241614,5.277451709890382
34,location_1,K3,7.316979764716319,4.692391336226787
35,location_1,K3,7.365989385982197,9.216590747985208
36,location_1,K3,6.838203347460693,5.316943785462902
37,location_1,K3,3.8638731740131074,8.503260769226312
38,location_1,K3,6.578499131687036,15.96139234754206
39,location_1,K3,5.244958874254605,8.052966665216372
40,location_1,K3,1.6018717608454518,18.60585658622479
41,location_1,K3,3.530831358063818,3.219545741271046
42,location_1,K3,5.026596173199799,7.685308977549172
43,location_1,K3,5.036680997238736,17.92343735313263
44,location_1,K3,4.414499627530603,17.090916476653803
45,location_1,K3,4.288161859790968,2.4672777745254537
46,location_1,K3,6.867040214634362,18.4859222097043
47,location_1,K3,5.607278062617635,12.69038950575011
48,location_1,K3,3.6065909597193935,8.253291251998704
49,location_1,K3,3.6433752711965335,9.76406516041193
50,location_1,K3,4.273836908492846,2.363088008835057
51,location_1,K3,4.769698867290632,18.74871632494182
52,location_1,K3,5.573615028049262,19.860512399257424
53,location_1,K3,2.998056777161258,3.4643665867897733
54,location_1,K3,2.485097720921331,15.0005074245303
55,location_1,K3,1.7424819207919562,11.766182817030373
56,location_1,K3,0.0376560534616164,0.0019870446297476
57,location_1,K3,0.141858556967301,8.59506226632211
58,location_1,K3,2.545382146344099,14.019261844940743
59,location_1,K3,3.848037775889696,11.579122440389693
